{"cameraMode":{"drawMode":0,"name":"Shaded","section":"Shading Mode"},"sceneLighting":false,"audioPlay":false,"sceneViewState":{"showFog":true,"showMaterialUpdate":false,"showSkybox":false,"showFlares":true,"showImageEffects":true,"showParticleSystems":true},"in2DMode":false,"pivot":{"x":-0.0186154842376709,"y":0.2681471109390259,"z":0.01151113212108612},"rotation":{"x":-0.12947003543376923,"y":0.8372074365615845,"z":-0.2252356857061386,"w":-0.4812432527542114},"size":0.41085225343704226,"orthographic":false}