{"cameraMode":{"drawMode":0,"name":"Shaded","section":"Shading Mode"},"sceneLighting":false,"audioPlay":false,"sceneViewState":{"showFog":true,"showMaterialUpdate":false,"showSkybox":false,"showFlares":true,"showImageEffects":true,"showParticleSystems":true},"in2DMode":false,"pivot":{"x":233.65475463867188,"y":224.62069702148438,"z":-24.426097869873048},"rotation":{"x":-0.2038068175315857,"y":0.6671724319458008,"z":-0.6887491345405579,"w":-0.1974218636751175},"size":3.8032236099243166,"orthographic":false}