{"cameraMode":{"drawMode":0,"name":"Shaded","section":"Shading Mode"},"sceneLighting":false,"audioPlay":false,"sceneViewState":{"showFog":true,"showMaterialUpdate":false,"showSkybox":false,"showFlares":true,"showImageEffects":true,"showParticleSystems":true},"in2DMode":false,"pivot":{"x":0.0,"y":0.1997116059064865,"z":0.0029412508010864259},"rotation":{"x":-0.12947003543376923,"y":0.8372074365615845,"z":-0.2252356857061386,"w":-0.4812432527542114},"size":0.35676616430282595,"orthographic":false}