{"cameraMode":{"drawMode":0,"name":"Shaded","section":"Shading Mode"},"sceneLighting":false,"audioPlay":false,"sceneViewState":{"showFog":true,"showMaterialUpdate":false,"showSkybox":false,"showFlares":true,"showImageEffects":true,"showParticleSystems":true},"in2DMode":false,"pivot":{"x":-0.013616114854812622,"y":0.17533664405345918,"z":0.007385507225990295},"rotation":{"x":-0.12947003543376923,"y":0.8372074365615845,"z":-0.2252356857061386,"w":-0.4812432527542114},"size":0.6144179105758667,"orthographic":false}